{
  "project_info": {
    "project_number": "561485374531",
    "firebase_url": "https://juegobd-da2c5-default-rtdb.europe-west1.firebasedatabase.app/",
    "project_id": "juegobd-da2c5",
    "storage_bucket": "juegobd-da2c5.appspot.com"
  },
  "client": [
    {
      "client_info": {
        "mobilesdk_app_id": "1:561485374531:android:be1c6be6889045984d20f6",
        "android_client_info": {
          "package_name": "com.DefaultCompany.Project2D"
        }
      },
      "oauth_client": [],
      "api_key": [
        {
          "current_key": "AIzaSyCYlfkcYzNyqlNuty9gReH6BRtc1kvSfdk"
        }
      ],
      "services": {
        "appinvite_service": {
          "other_platform_oauth_client": []
        }
      }
    }
  ],
  "configuration_version": "1"
}